{
    "items": [
        {
            "id": 0,
            "time": "2021年5月8日",
            "msg": "[重要] MCSManager 9.0 版本已经正在开发，将在一段时间（3~6个月）后推出测试版供部分用户使用，待完全推出正式版后，将不再兼容旧版本的配置文件。当前版本依然可以正常使用，推荐您复制（Fork）本项目（https://github.com/Suwings/MCSManager）进行备份，以便于升级后对旧版本项目的代码更新工作。"
        },
        {
            "id": 0,
            "time": "2021年2月12日",
            "msg": "[推荐更新] 新年好！现在 8.6.18 版本已经发布，我们修复了一些安全性的问题，强烈建议您低于此版本的全部更新到最新版本。再次祝您新年快乐！"
        },
        {
            "id": 0,
            "time": "2020年11月6日",
            "msg": "预计明年更新的 Minecraft 1.17 版本也十分的精彩，会有非常不错的洞穴大更新，洞穴地形更加紧张刺激且有向“泰拉瑞亚”洞穴的方向发展的趋势，更多的更新会让 Minecraft 拥有更多的玩法和创意，让 Minecraft 的玩家数量更进一步。"
        },
        {
            "id": 0,
            "time": "2020年10月7日",
            "msg": "国庆节假期已经结束，想必各位用户也要开始渐渐回到工作岗位，祝愿你们工作顺利。MCSM 面板也将逐步稳健向前，并且已经有重构面板的设想，未来版本的MCSM面板也许会是非常强悍与稳定的集群式管理面板，但在此之前，我们需要每一位用户的支持与持续关注。"
        },
        {
            "id": 0,
            "time": "2020年7月18日",
            "msg": "[推荐更新] 8.6.11 版本已经发布，官方网站下载地址均已更新，主要新增了 API 功能，更有详细的 API 开发文档，利用 API 可以轻松的管理服务器，管理用户，和执行各种命令，详情可以查看项目地址的 WIKI 页面。"
        },
        {
            "id": 0,
            "time": "2020年7月15日",
            "msg": "[可选择更新] 8.6.10 版本已经发布，Windows 整合版也已整合，主要是修复很多人吐槽的新版控制台界面，有部分用户认为此终端界面虽然解决了卡顿，但在美观上不尽人意，于是此版本我们将两个控制台都加入到控制面板中，管理者可以随心所欲的使用任何一种控制台。"
        },
        {
            "id": 0,
            "time": "2020年6月18日",
            "msg": "Minecraft 1.16 预计将2020年6月23日发布，届时会有全新的下界世界，值得期待。在此也祝愿 Minecraft 能越做越好，本管理面板也必会紧跟主流并且保持自己的初衷，必将为广大服主提供免费且优秀的服务。"
        },
        {
            "id": 0,
            "time": "2020年3月6日",
            "msg": "[推荐更新] 8.6.7 版本已经更新，在官网已经提供下载，终端现在支持颜色，并且拥有自动颜色渲染的功能，让本没有颜色的输出也拥有一定的颜色。"
        },
        {
            "id": 0,
            "time": "2020年3月4日",
            "msg": "[推荐更新] 8.6.5 版本已经更新，在官网已经提供下载，我们已经重写了终端功能，不再卡顿，快速方便，并且依然提供简短历史记录功能。"
        },
        {
            "id": 0,
            "time": "2020年2月3日",
            "msg": "不知道如何更新？在 Linux 系统中使用 git pull 命令即可拉取更新代码，而Windows系统你只需要下载最新版本然后覆盖文件即可。请放心，你的服务端与用户配置，包括面板配置文件，这些文件都是运行时生成，均不会覆盖。"
        },
        {
            "id": 0,
            "time": "2020年1月28日",
            "msg": "[推荐更新] 8.6.0 版本已经发布，这是一次较大更新，优化解压缩功能并且提供任务队列，确保解压缩的稳定性；大幅度的修改整体UI界面，优化的手机访问与体验；更多功能更新介绍，请前往github查看，祝各位新年快乐。"
        },
        {
            "id": 0,
            "time": "2020年1月22日",
            "msg": "祝各位新年快乐！本项目在未来将不断更新，无限接近来满足用户的需求 "
        },
        {
            "id": 0,
            "time": "2019年11月6日",
            "msg": "[可选择更新] 8.5.8 版本已经发布，并且 Windows 整合版本也已经更新。我们新增了文件压缩功能，压缩大文件也不在话下；优化了解压功能的实现，解压功能更强大。"
        },
        {
            "id": 0,
            "time": "2019年9月30日",
            "msg": "[可选择更新] 8.5.6 版本已经发布，并且 Windows 整合版本也已经更新。优化了在线解压，批量删除的处理能力，服务端列表重写，美好导航栏颜色等。"
        },
        {
            "id": 0,
            "time": "2019年9月16日",
            "msg": "[可选择更新] 8.5.4 版本已经发布，并且 Windows 整合版本也已经更新，欢迎各位更新下载，本版本更新了界面颜色。并且新增了解压与在线编辑的功能。"
        },
        {
            "id": 0,
            "time": "2019年6月2日",
            "msg": "项目最近将稳定慢速更新，我们还有更重要的事情需要做，我们依然会尽最大努力继续维护这个项目。"
        },
        {
            "id": 0,
            "time": "2019年3月6日",
            "msg": "我们也持续的收到很多开发者的建议与代码提供，感谢你们！"
        },
        {
            "id": 0,
            "time": "2019年2月5日",
            "msg": "已亥猪年，新年快乐！回家团聚的时候，也不要忘记用手机看几眼服务器的状态哦~"
        },
        {
            "id": 0,
            "time": "2019年1月1日",
            "msg": "新年快乐！希望各位服主，服务商，玩家和开发者们，让 Minecraft 生态更加健康快速发展下去。 "
        },
        {
            "id": 0,
            "time": "2018年12月18日",
            "msg": "近期有更多的开发者提供建议与代码，在此非常感谢，希望我们能收到更多的鼓励，支持，与合作。"
        },
        {
            "id": 0,
            "time": "2018年11月18日",
            "msg": "[推荐更新] Linux 版本的支持 Docker 的版本已经发布，目前在 Github 上已经拥有最新源代码。过段时间，发布 Windows 版本，但是 Windows 下无法支持 Docker 的使用。"
        },
        {
            "id": 0,
            "time": "2018年11月12日",
            "msg": "我们计划在未来版本加入 Docker 的虚拟化服务端使用。"
        },
        {
            "id": 0,
            "time": "2018年10月24日",
            "msg": "祝各位程序员1024 节快乐，以及祝各位机器永不宕机，永无问题。"
        },
        {
            "id": 0,
            "time": "2018年10月8日",
            "msg": "依据我们数个月的观察与测试，我们对稳定性与安全性已经有初步的了解，接下来我们将逐步稳定更新，以稳定性与安全性为原则，进行功能上的累积更新。感谢支持，感谢使用！"
        },
        {
            "id": 0,
            "time": "2018年10月5日",
            "msg": "[可选择更新] 我们进行了一部分优化，但是没有为此发布版本。"
        },
        {
            "id": 0,
            "time": "2018年8月7日",
            "msg": "[可选择更新] 版本 8.4.5 已经发布。"
        },
        {
            "id": 0,
            "time": "2018年7月19日",
            "msg": "[可选择更新] 版本 8.4.4 已经发布，添加一键启动/关闭所有服务端功能，添加的启动/关闭输出。"
        },
        {
            "id": 0,
            "time": "2018年6月30日",
            "msg": "在此感谢部分用户的反馈，对我们的界面提出更好的意见，我们会在近期更新界面已优化更好的用户体验。"
        },
        {
            "id": 0,
            "time": "2018年6月16日",
            "msg": "[可选择更新] 版本 8.4.3 已经发布，更优雅的实现历史日志，更好的界面图标，已在 Windows 整合版本。"
        },
        {
            "id": 0,
            "time": "2018年6月13日",
            "msg": "[推荐更新] 版本 8.4.2 已经发布，优化计划任务，新增自定义控制台编码等功能，新增简体/繁体整合版本，已在 Windows 整合版本。"
        },
        {
            "id": 0,
            "time": "2018年6月10日",
            "msg": "我们发现计划任务手册上的说明有点问题，我们将在新版本上修改说明。"
        },
        {
            "id": 0,
            "time": "2018年5月28日",
            "msg": "[可选择更新] 版本 8.3.4 已经发布，增强控制台颜色，优化界面，修复一些小问题等等。"
        },
        {
            "id": 0,
            "time": "2018年5月22日",
            "msg": "[可选择更新] 版本 8.3.3 Beta 发布，我们支持控制台简单的颜色，删除了不必要的动画，并且加强了心跳包检测等等。"
        },
        {
            "id": 0,
            "time": "2018年5月13日",
            "msg": "[推荐更新] 版本 8.3.2 已经发布，具体请看 Github 开发日志，我们会开始稳步开发，尽可能的减少代码冲突，祝您使用愉快。"
        },
        {
            "id": 0,
            "time": "2018年4月31日",
            "msg": "[可选择更新] 版本 8.3.0 Beta 已经发布，也已经加入到 Windows 整合版本。"
        },
        {
            "id": 0,
            "time": "2018年4月22日",
            "msg": "[可选择更新] 版本 8.2.7 Beta 已经发布，修复了旧版本一直存在的某些问题，安全限制更加严格，我们建议旧版本都更新到此版本，得以更好的保障您的安全性。"
        },
        {
            "id": 0,
            "time": "2018年4月16日",
            "msg": "[可选择更新] 发行版本 8.2.6 已经发布，我们修复了原先 FTP 不稳定性，并且增强了安全性。"
        },
        {
            "id": 0,
            "time": "2018年4月12日",
            "msg": "已将 Github 上 8.2.5 发行版本打包到 Windows 整合版本，具体更新功能请查看 Github 上更新日志。"
        },
        {
            "id": 0,
            "time": "2018年4月5日",
            "msg": "我们在安全性上采用了更加严格的方式，预计很快 Windows 整合版我们也会更新。"
        },
        {
            "id": 0,
            "time": "2018年3月25日",
            "msg": "如果你使用的是较为新的版本，你可以通过 property.js 文件来设置更多细节上的设置。"
        },
        {
            "id": 0,
            "time": "2018年3月12日",
            "msg": "我们为界面添加更多好看的动画，并且已经将累计到此的更新打包到 Windows 整合版本。"
        },
        {
            "id": 0,
            "time": "2018年3月5日",
            "msg": "我们调整了控制台刷新频率，并且正在将界面不断做得更好！"
        },
        {
            "id": 0,
            "time": "2018年2月24日",
            "msg": "我们正在思考将控制台日志查阅与加载时而卡顿问题优化，相信过段时间，我们将开发出更好的在线控制台"
        },
        {
            "id": 0,
            "time": "2018年2月17日",
            "msg": "祝各位新年快乐！与此同时，我们进行了一个小版本的更新。"
        },
        {
            "id": 0,
            "time": "2018年2月12日",
            "msg": "我们新增了自动重启功能，目前已添加的最新版本"
        },
        {
            "id": 0,
            "time": "2018年1月26日",
            "msg": "Mcserver Manager 8.2 正式版已发布，主要新增文件在线管理功能，优化界面布局，修复一些已知的 BUG ，现在等待你的回应。"
        },
        {
            "id": 0,
            "time": "更早以前...",
            "msg": "不再提供关于 MCserver Manager 8.X 版本以下的信息，感谢关注。"
        }
    ]
}
